,emotion,file_path,gender,statement
0,calm,./data/german/16a02Lb__0.png,F,Das will sie am Mittwoch abgeben.
1,angry,./data/german/14a07Wc__0.png,F,In sieben Stunden wird es soweit sein.
2,fearful,./data/german/10a07Ad__0.png,M,In sieben Stunden wird es soweit sein.
3,disgust,./data/german/13a05Ea__0.png,F,Das schwarze Stück Papier befindet sich da oben neben dem Holzstück.
4,angry,./data/german/14a05Wa__0.png,F,Das schwarze Stück Papier befindet sich da oben neben dem Holzstück.
5,neutral,./data/german/14a07Na__0.png,F,In sieben Stunden wird es soweit sein.
6,angry,./data/german/15a05Wa__0.png,M,Das schwarze Stück Papier befindet sich da oben neben dem Holzstück.
7,angry,./data/german/16b10Wb__0.png,F,"Die wird auf dem Platz sein, wo wir sie immer hinlegen."
8,neutral,./data/german/09a01Nb__0.png,F,Der Lappen liegt auf dem Eisschrank.
9,happy,./data/german/16a01Fc__0.png,F,Der Lappen liegt auf dem Eisschrank.
10,disgust,./data/german/14a04Ed__0.png,F,Heute abend könnte ich es ihm sagen.
11,fearful,./data/german/11a01Ab__0.png,M,Der Lappen liegt auf dem Eisschrank.
12,neutral,./data/german/09b02Na__0.png,F,Sie haben es gerade hochgetragen und jetzt gehen sie wieder runter.
13,neutral,./data/german/03a05Nd__0.png,M,Das schwarze Stück Papier befindet sich da oben neben dem Holzstück.
14,fearful,./data/german/10a01Ac__0.png,M,Der Lappen liegt auf dem Eisschrank.
15,fearful,./data/german/16a04Ab__0.png,F,Heute abend könnte ich es ihm sagen.
16,neutral,./data/german/15b02Nd__1.png,M,Sie haben es gerade hochgetragen und jetzt gehen sie wieder runter.
17,angry,./data/german/16b09Wb__0.png,F,Ich will das eben wegbringen und dann mit Karl was trinken gehen.
18,angry,./data/german/16b09Wb__1.png,F,Ich will das eben wegbringen und dann mit Karl was trinken gehen.
19,calm,./data/german/11a01Ld__0.png,M,Der Lappen liegt auf dem Eisschrank.
20,angry,./data/german/08a01Wa__0.png,F,Der Lappen liegt auf dem Eisschrank.
21,angry,./data/german/09b02Wc__0.png,F,Sie haben es gerade hochgetragen und jetzt gehen sie wieder runter.
22,sad,./data/german/12b09Td__0.png,M,Ich will das eben wegbringen und dann mit Karl was trinken gehen.
23,fearful,./data/german/10b02Aa__0.png,M,Sie haben es gerade hochgetragen und jetzt gehen sie wieder runter.
24,sad,./data/german/16a04Tc__0.png,F,Heute abend könnte ich es ihm sagen.
25,sad,./data/german/16a04Tc__1.png,F,Heute abend könnte ich es ihm sagen.
26,calm,./data/german/16b01La__0.png,F,"Was sind denn das für Tüten, die da unter dem Tisch stehen?"
27,angry,./data/german/13b01Wa__0.png,F,"Was sind denn das für Tüten, die da unter dem Tisch stehen?"
28,angry,./data/german/12b01Wa__0.png,M,"Was sind denn das für Tüten, die da unter dem Tisch stehen?"
29,neutral,./data/german/13b03Na__0.png,F,An den Wochenenden bin ich jetzt immer nach Hause gefahren und habe Agnes besucht.
30,angry,./data/german/12a02Wc__0.png,M,Das will sie am Mittwoch abgeben.
31,fearful,./data/german/16b03Ad__0.png,F,An den Wochenenden bin ich jetzt immer nach Hause gefahren und habe Agnes besucht.
32,angry,./data/german/13b03Wc__0.png,F,An den Wochenenden bin ich jetzt immer nach Hause gefahren und habe Agnes besucht.
33,angry,./data/german/13b03Wc__1.png,F,An den Wochenenden bin ich jetzt immer nach Hause gefahren und habe Agnes besucht.
34,neutral,./data/german/13b01Nc__0.png,F,"Was sind denn das für Tüten, die da unter dem Tisch stehen?"
35,disgust,./data/german/15a02Ea__0.png,M,Das will sie am Mittwoch abgeben.
36,sad,./data/german/11a05Td__0.png,M,Das schwarze Stück Papier befindet sich da oben neben dem Holzstück.
37,sad,./data/german/11a05Td__1.png,M,Das schwarze Stück Papier befindet sich da oben neben dem Holzstück.
38,sad,./data/german/11a05Td__3.png,M,Das schwarze Stück Papier befindet sich da oben neben dem Holzstück.
39,disgust,./data/german/14a02Ea__0.png,F,Das will sie am Mittwoch abgeben.
40,disgust,./data/german/09b03Ed__0.png,F,An den Wochenenden bin ich jetzt immer nach Hause gefahren und habe Agnes besucht.
41,disgust,./data/german/09b03Ed__1.png,F,An den Wochenenden bin ich jetzt immer nach Hause gefahren und habe Agnes besucht.
42,angry,./data/german/13a02Wa__0.png,F,Das will sie am Mittwoch abgeben.
43,calm,./data/german/16b03La__0.png,F,An den Wochenenden bin ich jetzt immer nach Hause gefahren und habe Agnes besucht.
44,angry,./data/german/12a02Wa__0.png,M,Das will sie am Mittwoch abgeben.
45,calm,./data/german/13b10La__0.png,F,"Die wird auf dem Platz sein, wo wir sie immer hinlegen."
46,angry,./data/german/03b02Wb__0.png,M,Sie haben es gerade hochgetragen und jetzt gehen sie wieder runter.
47,angry,./data/german/03b02Wb__1.png,M,Sie haben es gerade hochgetragen und jetzt gehen sie wieder runter.
48,neutral,./data/german/13a02Nc__0.png,F,Das will sie am Mittwoch abgeben.
49,calm,./data/german/16b01Lc__0.png,F,"Was sind denn das für Tüten, die da unter dem Tisch stehen?"
50,angry,./data/german/16b10Wa__0.png,F,"Die wird auf dem Platz sein, wo wir sie immer hinlegen."
51,disgust,./data/german/15b01Ec__0.png,M,"Was sind denn das für Tüten, die da unter dem Tisch stehen?"
52,angry,./data/german/14a05Wb__0.png,F,Das schwarze Stück Papier befindet sich da oben neben dem Holzstück.
53,angry,./data/german/14b02Wd__0.png,F,Sie haben es gerade hochgetragen und jetzt gehen sie wieder runter.
54,neutral,./data/german/08a01Na__0.png,F,Der Lappen liegt auf dem Eisschrank.
55,angry,./data/german/08a01Wc__0.png,F,Der Lappen liegt auf dem Eisschrank.
56,fearful,./data/german/11a01Aa__0.png,M,Der Lappen liegt auf dem Eisschrank.
57,neutral,./data/german/08b02Nb__0.png,F,Sie haben es gerade hochgetragen und jetzt gehen sie wieder runter.
58,calm,./data/german/13b09La__0.png,F,Ich will das eben wegbringen und dann mit Karl was trinken gehen.
59,angry,./data/german/09a01Wb__0.png,F,Der Lappen liegt auf dem Eisschrank.
60,fearful,./data/german/11b02Ab__0.png,M,Sie haben es gerade hochgetragen und jetzt gehen sie wieder runter.
61,neutral,./data/german/15a07Nc__0.png,M,In sieben Stunden wird es soweit sein.
62,disgust,./data/german/14b01Eb__1.png,F,"Was sind denn das für Tüten, die da unter dem Tisch stehen?"
63,fearful,./data/german/11a05Ad__0.png,M,Das schwarze Stück Papier befindet sich da oben neben dem Holzstück.
64,neutral,./data/german/03a01Nc__0.png,M,Der Lappen liegt auf dem Eisschrank.
65,neutral,./data/german/12a02Nb__0.png,M,Das will sie am Mittwoch abgeben.
66,calm,./data/german/11a05Lc__1.png,M,Das schwarze Stück Papier befindet sich da oben neben dem Holzstück.
67,calm,./data/german/11a05Lc__2.png,M,Das schwarze Stück Papier befindet sich da oben neben dem Holzstück.
68,neutral,./data/german/15a05Na__0.png,M,Das schwarze Stück Papier befindet sich da oben neben dem Holzstück.
69,angry,./data/german/03a01Wa__0.png,M,Der Lappen liegt auf dem Eisschrank.
70,neutral,./data/german/14a05Na__0.png,F,Das schwarze Stück Papier befindet sich da oben neben dem Holzstück.
71,angry,./data/german/09a07Wd__0.png,F,In sieben Stunden wird es soweit sein.
72,calm,./data/german/10a07La__0.png,M,In sieben Stunden wird es soweit sein.
73,neutral,./data/german/03b02Na__0.png,M,Sie haben es gerade hochgetragen und jetzt gehen sie wieder runter.
74,disgust,./data/german/09a02Ea__0.png,F,Das will sie am Mittwoch abgeben.
75,disgust,./data/german/14b03Ed__0.png,F,An den Wochenenden bin ich jetzt immer nach Hause gefahren und habe Agnes besucht.
76,calm,./data/german/12b10Ld__1.png,M,"Die wird auf dem Platz sein, wo wir sie immer hinlegen."
77,calm,./data/german/12b10Ld__2.png,M,"Die wird auf dem Platz sein, wo wir sie immer hinlegen."
78,angry,./data/german/09a05Wb__0.png,F,Das schwarze Stück Papier befindet sich da oben neben dem Holzstück.
79,fearful,./data/german/16b01Aa__0.png,F,"Was sind denn das für Tüten, die da unter dem Tisch stehen?"
80,happy,./data/german/11a02Fb__0.png,M,Das will sie am Mittwoch abgeben.
81,fearful,./data/german/12b10Ac__0.png,M,"Die wird auf dem Platz sein, wo wir sie immer hinlegen."
82,angry,./data/german/15b02Wa__0.png,M,Sie haben es gerade hochgetragen und jetzt gehen sie wieder runter.
83,happy,./data/german/14b09Fc__0.png,F,Ich will das eben wegbringen und dann mit Karl was trinken gehen.
84,angry,./data/german/09b02Wd__0.png,F,Sie haben es gerade hochgetragen und jetzt gehen sie wieder runter.
85,happy,./data/german/10a04Fd__0.png,M,Heute abend könnte ich es ihm sagen.
86,calm,./data/german/10b02La__0.png,M,Sie haben es gerade hochgetragen und jetzt gehen sie wieder runter.
87,angry,./data/german/03a05Wa__0.png,M,Das schwarze Stück Papier befindet sich da oben neben dem Holzstück.
88,happy,./data/german/11a04Fd__0.png,M,Heute abend könnte ich es ihm sagen.
89,neutral,./data/german/14a01Na__0.png,F,Der Lappen liegt auf dem Eisschrank.
90,angry,./data/german/08b02Wd__0.png,F,Sie haben es gerade hochgetragen und jetzt gehen sie wieder runter.
91,angry,./data/german/08b02Wd__1.png,F,Sie haben es gerade hochgetragen und jetzt gehen sie wieder runter.
92,disgust,./data/german/12b02Ea__0.png,M,Sie haben es gerade hochgetragen und jetzt gehen sie wieder runter.
93,disgust,./data/german/12b02Ea__1.png,M,Sie haben es gerade hochgetragen und jetzt gehen sie wieder runter.
94,fearful,./data/german/13b09Ab__0.png,F,Ich will das eben wegbringen und dann mit Karl was trinken gehen.
95,disgust,./data/german/13a01Ec__0.png,F,Der Lappen liegt auf dem Eisschrank.
96,angry,./data/german/03a07Wc__0.png,M,In sieben Stunden wird es soweit sein.
97,angry,./data/german/14a01Wc__0.png,F,Der Lappen liegt auf dem Eisschrank.
98,angry,./data/german/13a04Wc__0.png,F,Heute abend könnte ich es ihm sagen.
99,angry,./data/german/12a04Wc__0.png,M,Heute abend könnte ich es ihm sagen.
100,calm,./data/german/16a04Lc__0.png,F,Heute abend könnte ich es ihm sagen.
101,fearful,./data/german/12b09Ac__0.png,M,Ich will das eben wegbringen und dann mit Karl was trinken gehen.
102,happy,./data/german/16a07Fb__0.png,F,In sieben Stunden wird es soweit sein.
103,fearful,./data/german/10a05Aa__0.png,M,Das schwarze Stück Papier befindet sich da oben neben dem Holzstück.
104,sad,./data/german/16a02Tc__0.png,F,Das will sie am Mittwoch abgeben.
105,angry,./data/german/09a05Wc__0.png,F,Das schwarze Stück Papier befindet sich da oben neben dem Holzstück.
106,happy,./data/german/11b03Fc__0.png,M,An den Wochenenden bin ich jetzt immer nach Hause gefahren und habe Agnes besucht.
107,fearful,./data/german/11a07Ac__0.png,M,In sieben Stunden wird es soweit sein.
108,happy,./data/german/10b01Fa__0.png,M,"Was sind denn das für Tüten, die da unter dem Tisch stehen?"
109,calm,./data/german/11a07Ld__0.png,M,In sieben Stunden wird es soweit sein.
110,sad,./data/german/10a05Tb__0.png,M,Das schwarze Stück Papier befindet sich da oben neben dem Holzstück.
111,happy,./data/german/11b01Fc__0.png,M,"Was sind denn das für Tüten, die da unter dem Tisch stehen?"
112,angry,./data/german/08a07Wc__0.png,F,In sieben Stunden wird es soweit sein.
113,happy,./data/german/08b10Fd__0.png,F,"Die wird auf dem Platz sein, wo wir sie immer hinlegen."
114,disgust,./data/german/09a02Eb__0.png,F,Das will sie am Mittwoch abgeben.
115,fearful,./data/german/10a07Aa__0.png,M,In sieben Stunden wird es soweit sein.
116,calm,./data/german/10a05Ld__0.png,M,Das schwarze Stück Papier befindet sich da oben neben dem Holzstück.
117,neutral,./data/german/08a07Na__0.png,F,In sieben Stunden wird es soweit sein.
118,neutral,./data/german/09a07Na__0.png,F,In sieben Stunden wird es soweit sein.
119,angry,./data/german/08a05Wa__0.png,F,Das schwarze Stück Papier befindet sich da oben neben dem Holzstück.
120,happy,./data/german/10a02Fa__0.png,M,Das will sie am Mittwoch abgeben.
121,sad,./data/german/16b03Ta__0.png,F,An den Wochenenden bin ich jetzt immer nach Hause gefahren und habe Agnes besucht.
122,sad,./data/german/16b03Ta__1.png,F,An den Wochenenden bin ich jetzt immer nach Hause gefahren und habe Agnes besucht.
123,sad,./data/german/16b03Ta__3.png,F,An den Wochenenden bin ich jetzt immer nach Hause gefahren und habe Agnes besucht.
124,angry,./data/german/14b02Wb__0.png,F,Sie haben es gerade hochgetragen und jetzt gehen sie wieder runter.
125,angry,./data/german/03a05Wb__0.png,M,Das schwarze Stück Papier befindet sich da oben neben dem Holzstück.
126,neutral,./data/german/15a01Nb__0.png,M,Der Lappen liegt auf dem Eisschrank.
127,calm,./data/german/16a04La__0.png,F,Heute abend könnte ich es ihm sagen.
128,happy,./data/german/16b02Fd__0.png,F,Sie haben es gerade hochgetragen und jetzt gehen sie wieder runter.
129,sad,./data/german/11b02Td__0.png,M,Sie haben es gerade hochgetragen und jetzt gehen sie wieder runter.
130,angry,./data/german/14a01Wa__0.png,F,Der Lappen liegt auf dem Eisschrank.
131,angry,./data/german/15a01Wa__0.png,M,Der Lappen liegt auf dem Eisschrank.
132,disgust,./data/german/13a01Ea__0.png,F,Der Lappen liegt auf dem Eisschrank.
133,neutral,./data/german/14b02Na__0.png,F,Sie haben es gerade hochgetragen und jetzt gehen sie wieder runter.
134,happy,./data/german/08b09Fd__0.png,F,Ich will das eben wegbringen und dann mit Karl was trinken gehen.
135,neutral,./data/german/03a07Nc__0.png,M,In sieben Stunden wird es soweit sein.
136,happy,./data/german/15b09Fa__0.png,M,Ich will das eben wegbringen und dann mit Karl was trinken gehen.
137,angry,./data/german/15b02Wc__0.png,M,Sie haben es gerade hochgetragen und jetzt gehen sie wieder runter.
138,happy,./data/german/16a07Fa__0.png,F,In sieben Stunden wird es soweit sein.
139,sad,./data/german/11a07Ta__0.png,M,In sieben Stunden wird es soweit sein.
140,sad,./data/german/10a07Ta__0.png,M,In sieben Stunden wird es soweit sein.
141,disgust,./data/german/09b01Ea__0.png,F,"Was sind denn das für Tüten, die da unter dem Tisch stehen?"
142,disgust,./data/german/09b01Ea__1.png,F,"Was sind denn das für Tüten, die da unter dem Tisch stehen?"
143,sad,./data/german/16b01Tb__1.png,F,"Was sind denn das für Tüten, die da unter dem Tisch stehen?"
144,sad,./data/german/16b01Tb__3.png,F,"Was sind denn das für Tüten, die da unter dem Tisch stehen?"
145,happy,./data/german/16a05Fc__0.png,F,Das schwarze Stück Papier befindet sich da oben neben dem Holzstück.
146,neutral,./data/german/09a05Nb__0.png,F,Das schwarze Stück Papier befindet sich da oben neben dem Holzstück.
147,angry,./data/german/09a07Wb__0.png,F,In sieben Stunden wird es soweit sein.
148,neutral,./data/german/08a05Nb__0.png,F,Das schwarze Stück Papier befindet sich da oben neben dem Holzstück.
149,fearful,./data/german/10b01Aa__0.png,M,"Was sind denn das für Tüten, die da unter dem Tisch stehen?"
150,calm,./data/german/08b10La__0.png,F,"Die wird auf dem Platz sein, wo wir sie immer hinlegen."
151,fearful,./data/german/15b10Ac__0.png,M,"Die wird auf dem Platz sein, wo wir sie immer hinlegen."
152,sad,./data/german/10b03Tb__0.png,M,An den Wochenenden bin ich jetzt immer nach Hause gefahren und habe Agnes besucht.
153,calm,./data/german/11a02Ld__0.png,M,Das will sie am Mittwoch abgeben.
154,disgust,./data/german/13b03Ed__0.png,F,An den Wochenenden bin ich jetzt immer nach Hause gefahren und habe Agnes besucht.
155,disgust,./data/german/13b03Ed__1.png,F,An den Wochenenden bin ich jetzt immer nach Hause gefahren und habe Agnes besucht.
156,neutral,./data/german/08b01Na__0.png,F,"Was sind denn das für Tüten, die da unter dem Tisch stehen?"
157,angry,./data/german/15a02Wd__0.png,M,Das will sie am Mittwoch abgeben.
158,neutral,./data/german/09b01Na__0.png,F,"Was sind denn das für Tüten, die da unter dem Tisch stehen?"
159,neutral,./data/german/03b01Nb__0.png,M,"Was sind denn das für Tüten, die da unter dem Tisch stehen?"
160,angry,./data/german/12a01Wc__0.png,M,Der Lappen liegt auf dem Eisschrank.
161,angry,./data/german/15a04Wb__0.png,M,Heute abend könnte ich es ihm sagen.
162,angry,./data/german/03a02Wb__0.png,M,Das will sie am Mittwoch abgeben.
163,angry,./data/german/14a04Wb__0.png,F,Heute abend könnte ich es ihm sagen.
164,angry,./data/german/13b02Wa__0.png,F,Sie haben es gerade hochgetragen und jetzt gehen sie wieder runter.
165,angry,./data/german/12b02Wa__0.png,M,Sie haben es gerade hochgetragen und jetzt gehen sie wieder runter.
166,happy,./data/german/13b09Fc__0.png,F,Ich will das eben wegbringen und dann mit Karl was trinken gehen.
167,angry,./data/german/03b01Wa__0.png,M,"Was sind denn das für Tüten, die da unter dem Tisch stehen?"
168,happy,./data/german/13b09Fb__0.png,F,Ich will das eben wegbringen und dann mit Karl was trinken gehen.
169,angry,./data/german/14a04Wc__0.png,F,Heute abend könnte ich es ihm sagen.
170,angry,./data/german/03a02Wc__0.png,M,Das will sie am Mittwoch abgeben.
171,angry,./data/german/13a01Wb__0.png,F,Der Lappen liegt auf dem Eisschrank.
172,angry,./data/german/03b03Wc__0.png,M,An den Wochenenden bin ich jetzt immer nach Hause gefahren und habe Agnes besucht.
173,calm,./data/german/16a01Lb__0.png,F,Der Lappen liegt auf dem Eisschrank.
174,fearful,./data/german/14b09Ac__0.png,F,Ich will das eben wegbringen und dann mit Karl was trinken gehen.
175,neutral,./data/german/13b02Nb__0.png,F,Sie haben es gerade hochgetragen und jetzt gehen sie wieder runter.
176,fearful,./data/german/15b09Ac__0.png,M,Ich will das eben wegbringen und dann mit Karl was trinken gehen.
177,fearful,./data/german/10a02Ab__0.png,M,Das will sie am Mittwoch abgeben.
178,neutral,./data/german/12a05Nd__0.png,M,Das schwarze Stück Papier befindet sich da oben neben dem Holzstück.
179,sad,./data/german/14b10Tc__0.png,F,"Die wird auf dem Platz sein, wo wir sie immer hinlegen."
180,happy,./data/german/16b01Fa__0.png,F,"Was sind denn das für Tüten, die da unter dem Tisch stehen?"
181,neutral,./data/german/09b03Nb__0.png,F,An den Wochenenden bin ich jetzt immer nach Hause gefahren und habe Agnes besucht.
182,neutral,./data/german/08b03Nb__0.png,F,An den Wochenenden bin ich jetzt immer nach Hause gefahren und habe Agnes besucht.
183,angry,./data/german/09b01Wb__0.png,F,"Was sind denn das für Tüten, die da unter dem Tisch stehen?"
184,sad,./data/german/11a02Tc__0.png,M,Das will sie am Mittwoch abgeben.
185,happy,./data/german/16b03Fa__0.png,F,An den Wochenenden bin ich jetzt immer nach Hause gefahren und habe Agnes besucht.
186,fearful,./data/german/11b01Ab__0.png,M,"Was sind denn das für Tüten, die da unter dem Tisch stehen?"
187,sad,./data/german/16a05Tb__0.png,F,Das schwarze Stück Papier befindet sich da oben neben dem Holzstück.
188,sad,./data/german/16a05Tb__1.png,F,Das schwarze Stück Papier befindet sich da oben neben dem Holzstück.
189,sad,./data/german/16a05Tb__2.png,F,Das schwarze Stück Papier befindet sich da oben neben dem Holzstück.
190,angry,./data/german/09a02Wb__0.png,F,Das will sie am Mittwoch abgeben.
191,happy,./data/german/11a05Fb__0.png,M,Das schwarze Stück Papier befindet sich da oben neben dem Holzstück.
192,angry,./data/german/09b03Wb__0.png,F,An den Wochenenden bin ich jetzt immer nach Hause gefahren und habe Agnes besucht.
193,happy,./data/german/13b10Fa__0.png,F,"Die wird auf dem Platz sein, wo wir sie immer hinlegen."
194,calm,./data/german/08b09Lc__0.png,F,Ich will das eben wegbringen und dann mit Karl was trinken gehen.
195,happy,./data/german/11b02Fd__0.png,M,Sie haben es gerade hochgetragen und jetzt gehen sie wieder runter.
196,happy,./data/german/11b02Fd__1.png,M,Sie haben es gerade hochgetragen und jetzt gehen sie wieder runter.
197,angry,./data/german/15a04Wa__0.png,M,Heute abend könnte ich es ihm sagen.
198,angry,./data/german/12b02Wb__0.png,M,Sie haben es gerade hochgetragen und jetzt gehen sie wieder runter.
199,angry,./data/german/03b01Wc__0.png,M,"Was sind denn das für Tüten, die da unter dem Tisch stehen?"
200,calm,./data/german/16b02Lb__0.png,F,Sie haben es gerade hochgetragen und jetzt gehen sie wieder runter.
201,neutral,./data/german/13a01Nb__0.png,F,Der Lappen liegt auf dem Eisschrank.
202,neutral,./data/german/12a01Nb__0.png,M,Der Lappen liegt auf dem Eisschrank.
203,neutral,./data/german/15a04Nc__0.png,M,Heute abend könnte ich es ihm sagen.
204,neutral,./data/german/03a02Nc__0.png,M,Das will sie am Mittwoch abgeben.
205,sad,./data/german/15b09Ta__0.png,M,Ich will das eben wegbringen und dann mit Karl was trinken gehen.
206,neutral,./data/german/03b03Nb__0.png,M,An den Wochenenden bin ich jetzt immer nach Hause gefahren und habe Agnes besucht.
207,disgust,./data/german/15a01Ea__0.png,M,Der Lappen liegt auf dem Eisschrank.
208,disgust,./data/german/14a01Ea__0.png,F,Der Lappen liegt auf dem Eisschrank.
209,neutral,./data/german/12b02Na__0.png,M,Sie haben es gerade hochgetragen und jetzt gehen sie wieder runter.
210,disgust,./data/german/09a07Eb__0.png,F,In sieben Stunden wird es soweit sein.
211,happy,./data/german/11a05Fc__0.png,M,Das schwarze Stück Papier befindet sich da oben neben dem Holzstück.
212,happy,./data/german/11a05Fc__1.png,M,Das schwarze Stück Papier befindet sich da oben neben dem Holzstück.
213,calm,./data/german/03b09La__0.png,M,Ich will das eben wegbringen und dann mit Karl was trinken gehen.
214,angry,./data/german/08a02Wc__0.png,F,Das will sie am Mittwoch abgeben.
215,angry,./data/german/08b01Wa__0.png,F,"Was sind denn das für Tüten, die da unter dem Tisch stehen?"
216,fearful,./data/german/16a05Ab__0.png,F,Das schwarze Stück Papier befindet sich da oben neben dem Holzstück.
217,neutral,./data/german/08a02Na__0.png,F,Das will sie am Mittwoch abgeben.
218,disgust,./data/german/16b10Eb__0.png,F,"Die wird auf dem Platz sein, wo wir sie immer hinlegen."
219,calm,./data/german/14b10Lb__0.png,F,"Die wird auf dem Platz sein, wo wir sie immer hinlegen."
220,happy,./data/german/16b03Fd__0.png,F,An den Wochenenden bin ich jetzt immer nach Hause gefahren und habe Agnes besucht.
221,calm,./data/german/16a05La__0.png,F,Das schwarze Stück Papier befindet sich da oben neben dem Holzstück.
222,sad,./data/german/11b03Td__0.png,M,An den Wochenenden bin ich jetzt immer nach Hause gefahren und habe Agnes besucht.
223,disgust,./data/german/09a05Ed__0.png,F,Das schwarze Stück Papier befindet sich da oben neben dem Holzstück.
224,disgust,./data/german/09a05Ed__1.png,F,Das schwarze Stück Papier befindet sich da oben neben dem Holzstück.
225,disgust,./data/german/09a05Ed__2.png,F,Das schwarze Stück Papier befindet sich da oben neben dem Holzstück.
226,sad,./data/german/03b09Tc__0.png,M,Ich will das eben wegbringen und dann mit Karl was trinken gehen.
227,sad,./data/german/03b09Tc__1.png,M,Ich will das eben wegbringen und dann mit Karl was trinken gehen.
228,angry,./data/german/13a05Wa__0.png,F,Das schwarze Stück Papier befindet sich da oben neben dem Holzstück.
229,neutral,./data/german/13a07Na__0.png,F,In sieben Stunden wird es soweit sein.
230,angry,./data/german/15b03Wb__0.png,M,An den Wochenenden bin ich jetzt immer nach Hause gefahren und habe Agnes besucht.
231,angry,./data/german/14b03Wb__0.png,F,An den Wochenenden bin ich jetzt immer nach Hause gefahren und habe Agnes besucht.
232,angry,./data/german/14b03Wb__1.png,F,An den Wochenenden bin ich jetzt immer nach Hause gefahren und habe Agnes besucht.
233,calm,./data/german/10a02Lb__0.png,M,Das will sie am Mittwoch abgeben.
234,angry,./data/german/15a02Wb__0.png,M,Das will sie am Mittwoch abgeben.
235,angry,./data/german/09a04Wa__0.png,F,Heute abend könnte ich es ihm sagen.
236,fearful,./data/german/11a04Ac__0.png,M,Heute abend könnte ich es ihm sagen.
237,neutral,./data/german/08a04Nc__0.png,F,Heute abend könnte ich es ihm sagen.
238,neutral,./data/german/11b09Na__0.png,M,Ich will das eben wegbringen und dann mit Karl was trinken gehen.
239,sad,./data/german/14b09Td__0.png,F,Ich will das eben wegbringen und dann mit Karl was trinken gehen.
240,fearful,./data/german/03b10Ab__0.png,M,"Die wird auf dem Platz sein, wo wir sie immer hinlegen."
241,fearful,./data/german/16b02Aa__0.png,F,Sie haben es gerade hochgetragen und jetzt gehen sie wieder runter.
242,fearful,./data/german/16b02Aa__1.png,F,Sie haben es gerade hochgetragen und jetzt gehen sie wieder runter.
243,sad,./data/german/16a01Tb__0.png,F,Der Lappen liegt auf dem Eisschrank.
244,neutral,./data/german/09a04Nb__0.png,F,Heute abend könnte ich es ihm sagen.
245,calm,./data/german/14b09Lb__0.png,F,Ich will das eben wegbringen und dann mit Karl was trinken gehen.
246,disgust,./data/german/16b09Eb__0.png,F,Ich will das eben wegbringen und dann mit Karl was trinken gehen.
247,disgust,./data/german/16b09Eb__3.png,F,Ich will das eben wegbringen und dann mit Karl was trinken gehen.
248,disgust,./data/german/09a01Ea__0.png,F,Der Lappen liegt auf dem Eisschrank.
249,angry,./data/german/10b09Wb__0.png,M,Ich will das eben wegbringen und dann mit Karl was trinken gehen.
250,neutral,./data/german/13a05Nb__0.png,F,Das schwarze Stück Papier befindet sich da oben neben dem Holzstück.
251,angry,./data/german/13a07Wb__0.png,F,In sieben Stunden wird es soweit sein.
252,angry,./data/german/14a02Wc__0.png,F,Das will sie am Mittwoch abgeben.
253,angry,./data/german/03a04Wc__0.png,M,Heute abend könnte ich es ihm sagen.
254,calm,./data/german/11b03Lc__0.png,M,An den Wochenenden bin ich jetzt immer nach Hause gefahren und habe Agnes besucht.
255,calm,./data/german/16a07Lb__0.png,F,In sieben Stunden wird es soweit sein.
256,disgust,./data/german/12a02Ec__1.png,M,Das will sie am Mittwoch abgeben.
257,disgust,./data/german/13a02Ec__0.png,F,Das will sie am Mittwoch abgeben.
258,disgust,./data/german/14a07Eb__0.png,F,In sieben Stunden wird es soweit sein.
259,disgust,./data/german/15a07Eb__0.png,M,In sieben Stunden wird es soweit sein.
260,fearful,./data/german/14b10Ad__0.png,F,"Die wird auf dem Platz sein, wo wir sie immer hinlegen."
261,neutral,./data/german/15a02Na__0.png,M,Das will sie am Mittwoch abgeben.
262,sad,./data/german/16a07Td__0.png,F,In sieben Stunden wird es soweit sein.
263,fearful,./data/german/09b10Aa__0.png,F,"Die wird auf dem Platz sein, wo wir sie immer hinlegen."
264,calm,./data/german/15b10Lc__0.png,M,"Die wird auf dem Platz sein, wo wir sie immer hinlegen."
265,fearful,./data/german/08b10Aa__0.png,F,"Die wird auf dem Platz sein, wo wir sie immer hinlegen."
266,angry,./data/german/14b01Wc__0.png,F,"Was sind denn das für Tüten, die da unter dem Tisch stehen?"
267,disgust,./data/german/15a05Eb__0.png,M,Das schwarze Stück Papier befindet sich da oben neben dem Holzstück.
268,disgust,./data/german/15a05Eb__1.png,M,Das schwarze Stück Papier befindet sich da oben neben dem Holzstück.
269,angry,./data/german/15b01Wc__0.png,M,"Was sind denn das für Tüten, die da unter dem Tisch stehen?"
270,neutral,./data/german/03a04Nc__0.png,M,Heute abend könnte ich es ihm sagen.
271,neutral,./data/german/14a02Nc__0.png,F,Das will sie am Mittwoch abgeben.
272,angry,./data/german/11b10Wa__0.png,M,"Die wird auf dem Platz sein, wo wir sie immer hinlegen."
273,angry,./data/german/12a05Wb__0.png,M,Das schwarze Stück Papier befindet sich da oben neben dem Holzstück.
274,angry,./data/german/10b10Wa__1.png,M,"Die wird auf dem Platz sein, wo wir sie immer hinlegen."
275,disgust,./data/german/13b01Ec__0.png,F,"Was sind denn das für Tüten, die da unter dem Tisch stehen?"
276,neutral,./data/german/15b01Na__0.png,M,"Was sind denn das für Tüten, die da unter dem Tisch stehen?"
277,angry,./data/german/15b03Wa__0.png,M,An den Wochenenden bin ich jetzt immer nach Hause gefahren und habe Agnes besucht.
278,neutral,./data/german/14b01Na__0.png,F,"Was sind denn das für Tüten, die da unter dem Tisch stehen?"
279,calm,./data/german/10b03La__0.png,M,An den Wochenenden bin ich jetzt immer nach Hause gefahren und habe Agnes besucht.
280,angry,./data/german/14a02Wa__0.png,F,Das will sie am Mittwoch abgeben.
281,angry,./data/german/08b03Wd__0.png,F,An den Wochenenden bin ich jetzt immer nach Hause gefahren und habe Agnes besucht.
282,neutral,./data/german/11b10Nc__0.png,M,"Die wird auf dem Platz sein, wo wir sie immer hinlegen."
283,fearful,./data/german/08b09Ab__2.png,F,Ich will das eben wegbringen und dann mit Karl was trinken gehen.
284,angry,./data/german/12b02Wd__0.png,M,Sie haben es gerade hochgetragen und jetzt gehen sie wieder runter.
285,happy,./data/german/16a04Fa__0.png,F,Heute abend könnte ich es ihm sagen.
286,sad,./data/german/08b09Tb__0.png,F,Ich will das eben wegbringen und dann mit Karl was trinken gehen.
287,calm,./data/german/15b09La__0.png,M,Ich will das eben wegbringen und dann mit Karl was trinken gehen.
288,angry,./data/german/11b09Wa__0.png,M,Ich will das eben wegbringen und dann mit Karl was trinken gehen.
289,angry,./data/german/08a04Wc__0.png,F,Heute abend könnte ich es ihm sagen.
290,sad,./data/german/08b10Tc__0.png,F,"Die wird auf dem Platz sein, wo wir sie immer hinlegen."
291,angry,./data/german/12a07Wa__0.png,M,In sieben Stunden wird es soweit sein.
292,calm,./data/german/16a07La__0.png,F,In sieben Stunden wird es soweit sein.
293,angry,./data/german/13a05Wc__0.png,F,Das schwarze Stück Papier befindet sich da oben neben dem Holzstück.
294,calm,./data/german/11b01Lb__0.png,M,"Was sind denn das für Tüten, die da unter dem Tisch stehen?"
295,calm,./data/german/10b01Lb__0.png,M,"Was sind denn das für Tüten, die da unter dem Tisch stehen?"
296,neutral,./data/german/15b03Nb__0.png,M,An den Wochenenden bin ich jetzt immer nach Hause gefahren und habe Agnes besucht.
297,happy,./data/german/15a05Fb__0.png,M,Das schwarze Stück Papier befindet sich da oben neben dem Holzstück.
298,happy,./data/german/14a05Fb__0.png,F,Das schwarze Stück Papier befindet sich da oben neben dem Holzstück.
299,happy,./data/german/13b01Fc__0.png,F,"Was sind denn das für Tüten, die da unter dem Tisch stehen?"
300,calm,./data/german/09b03Lb__0.png,F,An den Wochenenden bin ich jetzt immer nach Hause gefahren und habe Agnes besucht.
301,happy,./data/german/13a02Fa__0.png,F,Das will sie am Mittwoch abgeben.
302,sad,./data/german/14b03Ta__0.png,F,An den Wochenenden bin ich jetzt immer nach Hause gefahren und habe Agnes besucht.
303,sad,./data/german/15a02Ta__0.png,M,Das will sie am Mittwoch abgeben.
304,sad,./data/german/03a04Ta__1.png,M,Heute abend könnte ich es ihm sagen.
305,sad,./data/german/08a04Tb__0.png,F,Heute abend könnte ich es ihm sagen.
306,angry,./data/german/16b02Wb__0.png,F,Sie haben es gerade hochgetragen und jetzt gehen sie wieder runter.
307,neutral,./data/german/03b10Nc__0.png,M,"Die wird auf dem Platz sein, wo wir sie immer hinlegen."
308,angry,./data/german/08b09Wc__1.png,F,Ich will das eben wegbringen und dann mit Karl was trinken gehen.
309,angry,./data/german/10a04Wa__1.png,M,Heute abend könnte ich es ihm sagen.
310,disgust,./data/german/16a04Ea__0.png,F,Heute abend könnte ich es ihm sagen.
311,sad,./data/german/03b01Td__0.png,M,"Was sind denn das für Tüten, die da unter dem Tisch stehen?"
312,fearful,./data/german/12b02Ad__0.png,M,Sie haben es gerade hochgetragen und jetzt gehen sie wieder runter.
313,neutral,./data/german/10a04Nb__0.png,M,Heute abend könnte ich es ihm sagen.
314,calm,./data/german/03b01Lb__0.png,M,"Was sind denn das für Tüten, die da unter dem Tisch stehen?"
315,neutral,./data/german/16a01Nc__0.png,F,Der Lappen liegt auf dem Eisschrank.
316,calm,./data/german/13b02Lc__0.png,F,Sie haben es gerade hochgetragen und jetzt gehen sie wieder runter.
317,angry,./data/german/11b01Wd__0.png,M,"Was sind denn das für Tüten, die da unter dem Tisch stehen?"
318,angry,./data/german/11b01Wd__1.png,M,"Was sind denn das für Tüten, die da unter dem Tisch stehen?"
319,happy,./data/german/08a07Fd__1.png,F,In sieben Stunden wird es soweit sein.
320,fearful,./data/german/14b01Ac__0.png,F,"Was sind denn das für Tüten, die da unter dem Tisch stehen?"
321,neutral,./data/german/03b09Nc__1.png,M,Ich will das eben wegbringen und dann mit Karl was trinken gehen.
322,happy,./data/german/03a01Fa__0.png,M,Der Lappen liegt auf dem Eisschrank.
323,happy,./data/german/15a07Fa__0.png,M,In sieben Stunden wird es soweit sein.
324,fearful,./data/german/12a05Ab__0.png,M,Das schwarze Stück Papier befindet sich da oben neben dem Holzstück.
325,fearful,./data/german/15b03Aa__0.png,M,An den Wochenenden bin ich jetzt immer nach Hause gefahren und habe Agnes besucht.
326,calm,./data/german/08b03Lc__0.png,F,An den Wochenenden bin ich jetzt immer nach Hause gefahren und habe Agnes besucht.
327,sad,./data/german/13a05Tc__0.png,F,Das schwarze Stück Papier befindet sich da oben neben dem Holzstück.
328,angry,./data/german/03b09Wa__1.png,M,Ich will das eben wegbringen und dann mit Karl was trinken gehen.
329,happy,./data/german/14a05Fa__0.png,F,Das schwarze Stück Papier befindet sich da oben neben dem Holzstück.
330,calm,./data/german/09a02La__0.png,F,Das will sie am Mittwoch abgeben.
331,fearful,./data/german/15a02Ac__0.png,M,Das will sie am Mittwoch abgeben.
332,happy,./data/german/16b10Fb__0.png,F,"Die wird auf dem Platz sein, wo wir sie immer hinlegen."
333,calm,./data/german/08a02La__0.png,F,Das will sie am Mittwoch abgeben.
334,sad,./data/german/12a05Ta__0.png,M,Das schwarze Stück Papier befindet sich da oben neben dem Holzstück.
335,sad,./data/german/12a05Ta__1.png,M,Das schwarze Stück Papier befindet sich da oben neben dem Holzstück.
336,neutral,./data/german/08b10Nc__0.png,F,"Die wird auf dem Platz sein, wo wir sie immer hinlegen."
337,calm,./data/german/11b10Ld__0.png,M,"Die wird auf dem Platz sein, wo wir sie immer hinlegen."
338,angry,./data/german/08b10Wa__0.png,F,"Die wird auf dem Platz sein, wo wir sie immer hinlegen."
339,sad,./data/german/13a07Tc__0.png,F,In sieben Stunden wird es soweit sein.
340,angry,./data/german/09b10Wa__0.png,F,"Die wird auf dem Platz sein, wo wir sie immer hinlegen."
341,sad,./data/german/14a02Tb__0.png,F,Das will sie am Mittwoch abgeben.
342,angry,./data/german/03b10Wb__0.png,M,"Die wird auf dem Platz sein, wo wir sie immer hinlegen."
343,neutral,./data/german/08b09Nb__1.png,F,Ich will das eben wegbringen und dann mit Karl was trinken gehen.
344,angry,./data/german/10a04Wb__0.png,M,Heute abend könnte ich es ihm sagen.
345,calm,./data/german/14a04Lb__0.png,F,Heute abend könnte ich es ihm sagen.
346,calm,./data/german/12a01Lb__0.png,M,Der Lappen liegt auf dem Eisschrank.
347,calm,./data/german/13a01Lb__0.png,F,Der Lappen liegt auf dem Eisschrank.
348,angry,./data/german/11a04Wc__0.png,M,Heute abend könnte ich es ihm sagen.
349,angry,./data/german/11a04Wc__1.png,M,Heute abend könnte ich es ihm sagen.
350,angry,./data/german/08b09Wa__1.png,F,Ich will das eben wegbringen und dann mit Karl was trinken gehen.
351,neutral,./data/german/03b10Na__0.png,M,"Die wird auf dem Platz sein, wo wir sie immer hinlegen."
352,angry,./data/german/16a01Wb__0.png,F,Der Lappen liegt auf dem Eisschrank.
353,calm,./data/german/11b09Ld__0.png,M,Ich will das eben wegbringen und dann mit Karl was trinken gehen.
354,angry,./data/german/09b09Wa__0.png,F,Ich will das eben wegbringen und dann mit Karl was trinken gehen.
355,happy,./data/german/09a01Fa__0.png,F,Der Lappen liegt auf dem Eisschrank.
356,happy,./data/german/16b09Fb__0.png,F,Ich will das eben wegbringen und dann mit Karl was trinken gehen.
357,happy,./data/german/16b09Fb__1.png,F,Ich will das eben wegbringen und dann mit Karl was trinken gehen.
358,angry,./data/german/03b10Wc__0.png,M,"Die wird auf dem Platz sein, wo wir sie immer hinlegen."
359,calm,./data/german/08b01Lb__0.png,F,"Was sind denn das für Tüten, die da unter dem Tisch stehen?"
360,happy,./data/german/15a07Fb__0.png,M,In sieben Stunden wird es soweit sein.
361,sad,./data/german/15b03Tc__0.png,M,An den Wochenenden bin ich jetzt immer nach Hause gefahren und habe Agnes besucht.
362,fearful,./data/german/13a05Aa__0.png,F,Das schwarze Stück Papier befindet sich da oben neben dem Holzstück.
363,happy,./data/german/08a05Fe__0.png,F,Das schwarze Stück Papier befindet sich da oben neben dem Holzstück.
364,fearful,./data/german/14a02Ab__0.png,F,Das will sie am Mittwoch abgeben.
365,fearful,./data/german/12a07Ac__0.png,M,In sieben Stunden wird es soweit sein.
366,angry,./data/german/10a02Wa__0.png,M,Das will sie am Mittwoch abgeben.
367,disgust,./data/german/16b03Ea__0.png,F,An den Wochenenden bin ich jetzt immer nach Hause gefahren und habe Agnes besucht.
368,disgust,./data/german/16b03Ea__1.png,F,An den Wochenenden bin ich jetzt immer nach Hause gefahren und habe Agnes besucht.
369,disgust,./data/german/16b03Ea__2.png,F,An den Wochenenden bin ich jetzt immer nach Hause gefahren und habe Agnes besucht.
370,neutral,./data/german/15b10Nc__0.png,M,"Die wird auf dem Platz sein, wo wir sie immer hinlegen."
371,calm,./data/german/14a02La__0.png,F,Das will sie am Mittwoch abgeben.
372,fearful,./data/german/08a02Ac__0.png,F,Das will sie am Mittwoch abgeben.
373,angry,./data/german/11b03Wa__0.png,M,An den Wochenenden bin ich jetzt immer nach Hause gefahren und habe Agnes besucht.
374,calm,./data/german/15a02La__0.png,M,Das will sie am Mittwoch abgeben.
375,disgust,./data/german/16a02Ea__0.png,F,Das will sie am Mittwoch abgeben.
376,disgust,./data/german/16a02Ea__1.png,F,Das will sie am Mittwoch abgeben.
377,fearful,./data/german/08b01Aa__0.png,F,"Was sind denn das für Tüten, die da unter dem Tisch stehen?"
378,neutral,./data/german/11a02Nc__0.png,M,Das will sie am Mittwoch abgeben.
379,sad,./data/german/08a02Tb__0.png,F,Das will sie am Mittwoch abgeben.
380,angry,./data/german/16a05Wb__0.png,F,Das schwarze Stück Papier befindet sich da oben neben dem Holzstück.
381,angry,./data/german/15b10Wa__0.png,M,"Die wird auf dem Platz sein, wo wir sie immer hinlegen."
382,neutral,./data/german/16a07Nb__0.png,F,In sieben Stunden wird es soweit sein.
383,calm,./data/german/12a05Lb__0.png,M,Das schwarze Stück Papier befindet sich da oben neben dem Holzstück.
384,calm,./data/german/12a05Lb__1.png,M,Das schwarze Stück Papier befindet sich da oben neben dem Holzstück.
385,sad,./data/german/03a02Ta__0.png,M,Das will sie am Mittwoch abgeben.
386,neutral,./data/german/15b09Nb__0.png,M,Ich will das eben wegbringen und dann mit Karl was trinken gehen.
387,happy,./data/german/14b02Fb__0.png,F,Sie haben es gerade hochgetragen und jetzt gehen sie wieder runter.
388,angry,./data/german/14b09Wa__0.png,F,Ich will das eben wegbringen und dann mit Karl was trinken gehen.
389,happy,./data/german/03a05Fc__0.png,M,Das schwarze Stück Papier befindet sich da oben neben dem Holzstück.
390,fearful,./data/german/14a04Aa__0.png,F,Heute abend könnte ich es ihm sagen.
391,happy,./data/german/08b02Ff__0.png,F,Sie haben es gerade hochgetragen und jetzt gehen sie wieder runter.
392,happy,./data/german/08a01Fd__0.png,F,Der Lappen liegt auf dem Eisschrank.
393,happy,./data/german/03a07Fa__0.png,M,In sieben Stunden wird es soweit sein.
394,neutral,./data/german/11a04Nd__0.png,M,Heute abend könnte ich es ihm sagen.
395,calm,./data/german/13a05Lc__0.png,F,Das schwarze Stück Papier befindet sich da oben neben dem Holzstück.
396,sad,./data/german/08b03Tc__0.png,F,An den Wochenenden bin ich jetzt immer nach Hause gefahren und habe Agnes besucht.
397,neutral,./data/german/11b03Nb__0.png,M,An den Wochenenden bin ich jetzt immer nach Hause gefahren und habe Agnes besucht.
398,disgust,./data/german/16b01Eb__0.png,F,"Was sind denn das für Tüten, die da unter dem Tisch stehen?"
399,disgust,./data/german/16b01Eb__1.png,F,"Was sind denn das für Tüten, die da unter dem Tisch stehen?"
400,angry,./data/german/16a05Wc__0.png,F,Das schwarze Stück Papier befindet sich da oben neben dem Holzstück.
401,calm,./data/german/15b01Lb__0.png,M,"Was sind denn das für Tüten, die da unter dem Tisch stehen?"
402,calm,./data/german/12a07La__1.png,M,In sieben Stunden wird es soweit sein.
403,fearful,./data/german/08a02Ab__0.png,F,Das will sie am Mittwoch abgeben.
404,neutral,./data/german/15b10Nb__0.png,M,"Die wird auf dem Platz sein, wo wir sie immer hinlegen."
405,angry,./data/german/16a07Wa__0.png,F,In sieben Stunden wird es soweit sein.
406,neutral,./data/german/14b10Nb__0.png,F,"Die wird auf dem Platz sein, wo wir sie immer hinlegen."
407,calm,./data/german/14b03Lb__0.png,F,An den Wochenenden bin ich jetzt immer nach Hause gefahren und habe Agnes besucht.
408,angry,./data/german/11b03Wb__0.png,M,An den Wochenenden bin ich jetzt immer nach Hause gefahren und habe Agnes besucht.
409,angry,./data/german/11b03Wb__2.png,M,An den Wochenenden bin ich jetzt immer nach Hause gefahren und habe Agnes besucht.
410,angry,./data/german/10b03Wb__0.png,M,An den Wochenenden bin ich jetzt immer nach Hause gefahren und habe Agnes besucht.
411,sad,./data/german/11b10Td__0.png,M,"Die wird auf dem Platz sein, wo wir sie immer hinlegen."
412,fearful,./data/german/11b10Ae__0.png,M,"Die wird auf dem Platz sein, wo wir sie immer hinlegen."
413,sad,./data/german/09b03Ta__0.png,F,An den Wochenenden bin ich jetzt immer nach Hause gefahren und habe Agnes besucht.
414,happy,./data/german/13b03Fd__0.png,F,An den Wochenenden bin ich jetzt immer nach Hause gefahren und habe Agnes besucht.
415,neutral,./data/german/09b09Nd__1.png,F,Ich will das eben wegbringen und dann mit Karl was trinken gehen.
416,sad,./data/german/14a04Tb__0.png,F,Heute abend könnte ich es ihm sagen.
417,calm,./data/german/09a04La__0.png,F,Heute abend könnte ich es ihm sagen.
418,disgust,./data/german/13b09Ec__0.png,F,Ich will das eben wegbringen und dann mit Karl was trinken gehen.
419,fearful,./data/german/15a04Ac__0.png,M,Heute abend könnte ich es ihm sagen.
420,calm,./data/german/08a04La__0.png,F,Heute abend könnte ich es ihm sagen.
421,fearful,./data/german/10b09Ad__0.png,M,Ich will das eben wegbringen und dann mit Karl was trinken gehen.
422,fearful,./data/german/11b09Ad__0.png,M,Ich will das eben wegbringen und dann mit Karl was trinken gehen.
423,fearful,./data/german/11b09Ad__1.png,M,Ich will das eben wegbringen und dann mit Karl was trinken gehen.
424,angry,./data/german/14b09Wc__0.png,F,Ich will das eben wegbringen und dann mit Karl was trinken gehen.
425,angry,./data/german/15b09Wb__0.png,M,Ich will das eben wegbringen und dann mit Karl was trinken gehen.
426,calm,./data/german/10b09Lb__0.png,M,Ich will das eben wegbringen und dann mit Karl was trinken gehen.
427,fearful,./data/german/13a01Ac__0.png,F,Der Lappen liegt auf dem Eisschrank.
428,fearful,./data/german/15a04Ab__0.png,M,Heute abend könnte ich es ihm sagen.
429,sad,./data/german/14a04Tc__0.png,F,Heute abend könnte ich es ihm sagen.
430,happy,./data/german/13a04Fc__0.png,F,Heute abend könnte ich es ihm sagen.
431,sad,./data/german/11b09Td__0.png,M,Ich will das eben wegbringen und dann mit Karl was trinken gehen.
432,sad,./data/german/11b09Td__1.png,M,Ich will das eben wegbringen und dann mit Karl was trinken gehen.
433,happy,./data/german/15a01Fb__0.png,M,Der Lappen liegt auf dem Eisschrank.
434,happy,./data/german/03a07Fb__0.png,M,In sieben Stunden wird es soweit sein.
435,sad,./data/german/03b03Tc__0.png,M,An den Wochenenden bin ich jetzt immer nach Hause gefahren und habe Agnes besucht.
436,sad,./data/german/03b03Tc__2.png,M,An den Wochenenden bin ich jetzt immer nach Hause gefahren und habe Agnes besucht.
437,calm,./data/german/10b10Lc__0.png,M,"Die wird auf dem Platz sein, wo wir sie immer hinlegen."
438,disgust,./data/german/13b10Ec__0.png,F,"Die wird auf dem Platz sein, wo wir sie immer hinlegen."
439,angry,./data/german/14b10Wc__0.png,F,"Die wird auf dem Platz sein, wo wir sie immer hinlegen."
440,fearful,./data/german/11b10Ad__0.png,M,"Die wird auf dem Platz sein, wo wir sie immer hinlegen."
441,fearful,./data/german/11b10Ad__1.png,M,"Die wird auf dem Platz sein, wo wir sie immer hinlegen."
442,happy,./data/german/14a07Fd__0.png,F,In sieben Stunden wird es soweit sein.
443,neutral,./data/german/10a02Na__0.png,M,Das will sie am Mittwoch abgeben.
444,disgust,./data/german/16a02Ec__0.png,F,Das will sie am Mittwoch abgeben.
445,neutral,./data/german/09b10Nd__0.png,F,"Die wird auf dem Platz sein, wo wir sie immer hinlegen."
446,calm,./data/german/13a07Lb__0.png,F,In sieben Stunden wird es soweit sein.
447,calm,./data/german/03a04Lc__0.png,M,Heute abend könnte ich es ihm sagen.
448,neutral,./data/german/11b01Nc__0.png,M,"Was sind denn das für Tüten, die da unter dem Tisch stehen?"
449,fearful,./data/german/14b03Ad__0.png,F,An den Wochenenden bin ich jetzt immer nach Hause gefahren und habe Agnes besucht.
450,angry,./data/german/11a02Wc__0.png,M,Das will sie am Mittwoch abgeben.
451,calm,./data/german/15b03Lc__0.png,M,An den Wochenenden bin ich jetzt immer nach Hause gefahren und habe Agnes besucht.
452,fearful,./data/german/03a04Ad__0.png,M,Heute abend könnte ich es ihm sagen.
453,angry,./data/german/12b10Wa__0.png,M,"Die wird auf dem Platz sein, wo wir sie immer hinlegen."
454,angry,./data/german/10a05Wb__0.png,M,Das schwarze Stück Papier befindet sich da oben neben dem Holzstück.
455,angry,./data/german/13b10Wa__0.png,F,"Die wird auf dem Platz sein, wo wir sie immer hinlegen."
456,calm,./data/german/15a05Lb__0.png,M,Das schwarze Stück Papier befindet sich da oben neben dem Holzstück.
457,calm,./data/german/14a05Lb__0.png,F,Das schwarze Stück Papier befindet sich da oben neben dem Holzstück.
458,calm,./data/german/12b03La__0.png,M,An den Wochenenden bin ich jetzt immer nach Hause gefahren und habe Agnes besucht.
459,sad,./data/german/08a05Ta__0.png,F,Das schwarze Stück Papier befindet sich da oben neben dem Holzstück.
460,neutral,./data/german/13b10Nc__0.png,F,"Die wird auf dem Platz sein, wo wir sie immer hinlegen."
461,calm,./data/german/08a01Lc__0.png,F,Der Lappen liegt auf dem Eisschrank.
462,fearful,./data/german/14a01Aa__0.png,F,Der Lappen liegt auf dem Eisschrank.
463,happy,./data/german/12b02Fb__0.png,M,Sie haben es gerade hochgetragen und jetzt gehen sie wieder runter.
464,happy,./data/german/13b02Fb__0.png,F,Sie haben es gerade hochgetragen und jetzt gehen sie wieder runter.
465,happy,./data/german/13b02Fb__1.png,F,Sie haben es gerade hochgetragen und jetzt gehen sie wieder runter.
466,neutral,./data/german/11a01Nd__0.png,M,Der Lappen liegt auf dem Eisschrank.
467,sad,./data/german/13a04Ta__0.png,F,Heute abend könnte ich es ihm sagen.
468,happy,./data/german/09a04Fd__0.png,F,Heute abend könnte ich es ihm sagen.
469,calm,./data/german/08b02La__0.png,F,Sie haben es gerade hochgetragen und jetzt gehen sie wieder runter.
470,sad,./data/german/03a05Tc__0.png,M,Das schwarze Stück Papier befindet sich da oben neben dem Holzstück.
471,angry,./data/german/13b09Wa__0.png,F,Ich will das eben wegbringen und dann mit Karl was trinken gehen.
472,sad,./data/german/15b02Tc__0.png,M,Sie haben es gerade hochgetragen und jetzt gehen sie wieder runter.
473,calm,./data/german/16b09La__0.png,F,Ich will das eben wegbringen und dann mit Karl was trinken gehen.
474,sad,./data/german/14b02Tc__0.png,F,Sie haben es gerade hochgetragen und jetzt gehen sie wieder runter.
475,disgust,./data/german/14b09Ea__1.png,F,Ich will das eben wegbringen und dann mit Karl was trinken gehen.
476,disgust,./data/german/14b09Ea__2.png,F,Ich will das eben wegbringen und dann mit Karl was trinken gehen.
477,disgust,./data/german/16a07Ea__0.png,F,In sieben Stunden wird es soweit sein.
478,neutral,./data/german/11a05Na__0.png,M,Das schwarze Stück Papier befindet sich da oben neben dem Holzstück.
479,angry,./data/german/16b01Wb__0.png,F,"Was sind denn das für Tüten, die da unter dem Tisch stehen?"
480,neutral,./data/german/16b03Nb__0.png,F,An den Wochenenden bin ich jetzt immer nach Hause gefahren und habe Agnes besucht.
481,sad,./data/german/08a07Tb__0.png,F,In sieben Stunden wird es soweit sein.
482,disgust,./data/german/11b01Eb__0.png,M,"Was sind denn das für Tüten, die da unter dem Tisch stehen?"
483,disgust,./data/german/11b01Eb__1.png,M,"Was sind denn das für Tüten, die da unter dem Tisch stehen?"
484,neutral,./data/german/16a02Nb__0.png,F,Das will sie am Mittwoch abgeben.
485,sad,./data/german/13b03Td__0.png,F,An den Wochenenden bin ich jetzt immer nach Hause gefahren und habe Agnes besucht.
486,calm,./data/german/03b02La__0.png,M,Sie haben es gerade hochgetragen und jetzt gehen sie wieder runter.
487,happy,./data/german/09b03Fa__0.png,F,An den Wochenenden bin ich jetzt immer nach Hause gefahren und habe Agnes besucht.
488,happy,./data/german/14a02Fd__0.png,F,Das will sie am Mittwoch abgeben.
489,happy,./data/german/03a04Fd__0.png,M,Heute abend könnte ich es ihm sagen.
490,disgust,./data/german/16a05Ea__1.png,F,Das schwarze Stück Papier befindet sich da oben neben dem Holzstück.
491,disgust,./data/german/16a05Ea__2.png,F,Das schwarze Stück Papier befindet sich da oben neben dem Holzstück.
492,disgust,./data/german/14b10Eb__0.png,F,"Die wird auf dem Platz sein, wo wir sie immer hinlegen."
493,disgust,./data/german/14b10Eb__1.png,F,"Die wird auf dem Platz sein, wo wir sie immer hinlegen."
494,calm,./data/german/16b10Lb__0.png,F,"Die wird auf dem Platz sein, wo wir sie immer hinlegen."
495,angry,./data/german/16a02Wb__0.png,F,Das will sie am Mittwoch abgeben.
496,calm,./data/german/13b03Lb__0.png,F,An den Wochenenden bin ich jetzt immer nach Hause gefahren und habe Agnes besucht.
497,sad,./data/german/09a05Tb__0.png,F,Das schwarze Stück Papier befindet sich da oben neben dem Holzstück.
498,angry,./data/german/11a07Wc__0.png,M,In sieben Stunden wird es soweit sein.
499,angry,./data/german/16b03Wb__0.png,F,An den Wochenenden bin ich jetzt immer nach Hause gefahren und habe Agnes besucht.
500,calm,./data/german/14a07Lc__0.png,F,In sieben Stunden wird es soweit sein.
501,calm,./data/german/14a07Lc__1.png,F,In sieben Stunden wird es soweit sein.
502,sad,./data/german/16b10Td__0.png,F,"Die wird auf dem Platz sein, wo wir sie immer hinlegen."
503,sad,./data/german/16b10Td__2.png,F,"Die wird auf dem Platz sein, wo wir sie immer hinlegen."
504,fearful,./data/german/13a04Ac__1.png,F,Heute abend könnte ich es ihm sagen.
505,angry,./data/german/12b09Wc__0.png,M,Ich will das eben wegbringen und dann mit Karl was trinken gehen.
506,neutral,./data/german/13b09Na__1.png,F,Ich will das eben wegbringen und dann mit Karl was trinken gehen.
507,fearful,./data/german/15b02Aa__0.png,M,Sie haben es gerade hochgetragen und jetzt gehen sie wieder runter.
508,fearful,./data/german/15b02Aa__1.png,M,Sie haben es gerade hochgetragen und jetzt gehen sie wieder runter.
509,happy,./data/german/08a04Ff__0.png,F,Heute abend könnte ich es ihm sagen.
510,fearful,./data/german/14b02Aa__0.png,F,Sie haben es gerade hochgetragen und jetzt gehen sie wieder runter.
511,happy,./data/german/11b09Fd__1.png,M,Ich will das eben wegbringen und dann mit Karl was trinken gehen.
512,happy,./data/german/03a02Fc__0.png,M,Das will sie am Mittwoch abgeben.
513,fearful,./data/german/03a05Aa__0.png,M,Das schwarze Stück Papier befindet sich da oben neben dem Holzstück.
514,happy,./data/german/12a01Fb__0.png,M,Der Lappen liegt auf dem Eisschrank.
515,happy,./data/german/03b01Fa__0.png,M,"Was sind denn das für Tüten, die da unter dem Tisch stehen?"
516,fearful,./data/german/14a01Ac__0.png,F,Der Lappen liegt auf dem Eisschrank.
517,calm,./data/german/16b09Lb__0.png,F,Ich will das eben wegbringen und dann mit Karl was trinken gehen.
518,disgust,./data/german/11a02Ec__0.png,M,Das will sie am Mittwoch abgeben.
519,calm,./data/german/13a02Lc__0.png,F,Das will sie am Mittwoch abgeben.
520,angry,./data/german/10a07Wb__0.png,M,In sieben Stunden wird es soweit sein.
521,fearful,./data/german/13a02Ad__0.png,F,Das will sie am Mittwoch abgeben.
522,angry,./data/german/16b01Wa__0.png,F,"Was sind denn das für Tüten, die da unter dem Tisch stehen?"
523,sad,./data/german/08a07Ta__0.png,F,In sieben Stunden wird es soweit sein.
524,angry,./data/german/13b10Wc__0.png,F,"Die wird auf dem Platz sein, wo wir sie immer hinlegen."
525,disgust,./data/german/10b01Ea__0.png,M,"Was sind denn das für Tüten, die da unter dem Tisch stehen?"
526,sad,./data/german/09a07Ta__0.png,F,In sieben Stunden wird es soweit sein.
527,happy,./data/german/13a07Fd__0.png,F,In sieben Stunden wird es soweit sein.
528,happy,./data/german/09b03Fd__0.png,F,An den Wochenenden bin ich jetzt immer nach Hause gefahren und habe Agnes besucht.
529,fearful,./data/german/14a05Ac__0.png,F,Das schwarze Stück Papier befindet sich da oben neben dem Holzstück.
530,angry,./data/german/11a05Wd__1.png,M,Das schwarze Stück Papier befindet sich da oben neben dem Holzstück.
531,sad,./data/german/12b03Ta__0.png,M,An den Wochenenden bin ich jetzt immer nach Hause gefahren und habe Agnes besucht.
532,fearful,./data/german/13b01Ab__0.png,F,"Was sind denn das für Tüten, die da unter dem Tisch stehen?"
533,sad,./data/german/13a02Ta__0.png,F,Das will sie am Mittwoch abgeben.
534,sad,./data/german/03b02Tb__0.png,M,Sie haben es gerade hochgetragen und jetzt gehen sie wieder runter.
535,sad,./data/german/03b02Tb__1.png,M,Sie haben es gerade hochgetragen und jetzt gehen sie wieder runter.
536,fearful,./data/german/14a07Aa__0.png,F,In sieben Stunden wird es soweit sein.
537,happy,./data/german/14b01Fc__0.png,F,"Was sind denn das für Tüten, die da unter dem Tisch stehen?"
538,fearful,./data/german/08a01Ab__0.png,F,Der Lappen liegt auf dem Eisschrank.
539,neutral,./data/german/10a01Nb__0.png,M,Der Lappen liegt auf dem Eisschrank.
540,calm,./data/german/15b02Lb__0.png,M,Sie haben es gerade hochgetragen und jetzt gehen sie wieder runter.
541,neutral,./data/german/16a04Nc__0.png,F,Heute abend könnte ich es ihm sagen.
542,disgust,./data/german/16b02Eb__0.png,F,Sie haben es gerade hochgetragen und jetzt gehen sie wieder runter.
543,angry,./data/german/11b02Wb__0.png,M,Sie haben es gerade hochgetragen und jetzt gehen sie wieder runter.
544,angry,./data/german/10b02Wb__0.png,M,Sie haben es gerade hochgetragen und jetzt gehen sie wieder runter.
545,calm,./data/german/03a07La__0.png,M,In sieben Stunden wird es soweit sein.
546,neutral,./data/german/11b02Na__0.png,M,Sie haben es gerade hochgetragen und jetzt gehen sie wieder runter.
547,calm,./data/german/15a01La__0.png,M,Der Lappen liegt auf dem Eisschrank.
548,neutral,./data/german/10b02Na__0.png,M,Sie haben es gerade hochgetragen und jetzt gehen sie wieder runter.
549,angry,./data/german/10a01Wa__0.png,M,Der Lappen liegt auf dem Eisschrank.
550,sad,./data/german/14a05Tc__0.png,F,Das schwarze Stück Papier befindet sich da oben neben dem Holzstück.
551,happy,./data/german/08a02Fe__0.png,F,Das will sie am Mittwoch abgeben.
552,calm,./data/german/13b01Ld__0.png,F,"Was sind denn das für Tüten, die da unter dem Tisch stehen?"
553,happy,./data/german/08b03Fe__0.png,F,An den Wochenenden bin ich jetzt immer nach Hause gefahren und habe Agnes besucht.
554,fearful,./data/german/16b10Aa__0.png,F,"Die wird auf dem Platz sein, wo wir sie immer hinlegen."
555,fearful,./data/german/16b10Aa__1.png,F,"Die wird auf dem Platz sein, wo wir sie immer hinlegen."
556,sad,./data/german/14a07Tc__0.png,F,In sieben Stunden wird es soweit sein.
557,happy,./data/german/08b01Fe__0.png,F,"Was sind denn das für Tüten, die da unter dem Tisch stehen?"
558,fearful,./data/german/12a02Ac__0.png,M,Das will sie am Mittwoch abgeben.
559,sad,./data/german/16b10Tb__0.png,F,"Die wird auf dem Platz sein, wo wir sie immer hinlegen."
560,sad,./data/german/16b10Tb__2.png,F,"Die wird auf dem Platz sein, wo wir sie immer hinlegen."
561,sad,./data/german/14a05Ta__0.png,F,Das schwarze Stück Papier befindet sich da oben neben dem Holzstück.
562,fearful,./data/german/13b03Ac__0.png,F,An den Wochenenden bin ich jetzt immer nach Hause gefahren und habe Agnes besucht.
563,angry,./data/german/11a01Wc__0.png,M,Der Lappen liegt auf dem Eisschrank.
564,angry,./data/german/16a04Wb__0.png,F,Heute abend könnte ich es ihm sagen.
565,fearful,./data/german/16b09Ab__0.png,F,Ich will das eben wegbringen und dann mit Karl was trinken gehen.
566,sad,./data/german/09b02Tb__0.png,F,Sie haben es gerade hochgetragen und jetzt gehen sie wieder runter.
567,disgust,./data/german/16a01Ec__0.png,F,Der Lappen liegt auf dem Eisschrank.
568,calm,./data/german/13a04Lb__0.png,F,Heute abend könnte ich es ihm sagen.
569,happy,./data/german/15a04Fd__0.png,M,Heute abend könnte ich es ihm sagen.
570,disgust,./data/german/03b10Ec__0.png,M,"Die wird auf dem Platz sein, wo wir sie immer hinlegen."
571,happy,./data/german/13a01Fd__0.png,F,Der Lappen liegt auf dem Eisschrank.
572,disgust,./data/german/09b09Ea__0.png,F,Ich will das eben wegbringen und dann mit Karl was trinken gehen.
573,disgust,./data/german/09b09Ea__2.png,F,Ich will das eben wegbringen und dann mit Karl was trinken gehen.
574,sad,./data/german/08b02Tc__0.png,F,Sie haben es gerade hochgetragen und jetzt gehen sie wieder runter.
575,angry,./data/german/16a04Wc__0.png,F,Heute abend könnte ich es ihm sagen.
576,happy,./data/german/14b01Fa__0.png,F,"Was sind denn das für Tüten, die da unter dem Tisch stehen?"
577,calm,./data/german/14a07Ld__0.png,F,In sieben Stunden wird es soweit sein.
578,calm,./data/german/15a07Ld__0.png,M,In sieben Stunden wird es soweit sein.
579,sad,./data/german/12b01Ta__0.png,M,"Was sind denn das für Tüten, die da unter dem Tisch stehen?"
580,happy,./data/german/10b10Fc__0.png,M,"Die wird auf dem Platz sein, wo wir sie immer hinlegen."
581,fearful,./data/german/15a07Ac__0.png,M,In sieben Stunden wird es soweit sein.
582,calm,./data/german/08a07La__0.png,F,In sieben Stunden wird es soweit sein.
583,happy,./data/german/08b01Fd__0.png,F,"Was sind denn das für Tüten, die da unter dem Tisch stehen?"
584,fearful,./data/german/03b02Aa__0.png,M,Sie haben es gerade hochgetragen und jetzt gehen sie wieder runter.
585,calm,./data/german/09a05Lc__0.png,F,Das schwarze Stück Papier befindet sich da oben neben dem Holzstück.
586,calm,./data/german/08a05Lc__0.png,F,Das schwarze Stück Papier befindet sich da oben neben dem Holzstück.
587,fearful,./data/german/14a05Aa__0.png,F,Das schwarze Stück Papier befindet sich da oben neben dem Holzstück.
